{
    "loan_approval": {
        "model_type": "random_forest",
        "n_estimators": 50,
        "max_depth": 8,
        "random_state": 42
    },
    "credit_limit": {
        "model_type": "xgboost",
        "n_estimators": 30,
        "max_depth": 6,
        "learning_rate": 0.1,
        "random_state": 42
    },
    "risk_assessment": {
        "model_type": "decision_tree",
        "max_depth": 10,
        "min_samples_split": 20,
        "random_state": 42
    },
    "fraud_detection": {
        "model_type": "logistic_regression",
        "random_state": 42,
        "max_iter": 1000
    }
}
